"family","scenario","n0","n1","transformed","runs","class_trees_mean","class_trees_mcse","exp_trees_mean","exp_trees_mcse","balance_trees_mean","balance_trees_mcse","gb_trees_mean","gb_trees_mcse","fs_trees_mean","fs_trees_mcse","class_mse_mean","class_mse_mcse","exp_mse_mean","exp_mse_mcse","balance_mse_mean","balance_mse_mcse","gb_mse_mean","gb_mse_mcse","fs_mse_mean","fs_mse_mcse","gb_vs_exp_mse_pct","fs_vs_exp_mse_pct","gb_win_rate_vs_exp","fs_win_rate_vs_exp","class_max_tree_hits","exp_max_tree_hits","balance_max_tree_hits","gb_max_tree_hits","fs_max_tree_hits"
"20d","latent_dispersion",5000,5000,FALSE,50,729.92,35.1705331207817,869.9,13.9210968955578,869.9,13.9210968955578,394.72,10.7206472542949,358.64,10.4299318095096,0.154519844248841,0.00831852319294083,0.136964344602727,0.00289979390809089,0.136964344602727,0.00289979390809089,0.150520829988772,0.00332784611477292,0.157933447513093,0.0037293314002987,-9.89782079808225,-15.3098990625544,0,0,0,0,0,0,0
"20d","latent_dispersion",5000,5000,TRUE,50,697,33.6207176166902,880.4,13.9313184104399,880.4,13.9313184104399,414.3,13.109592997932,368.1,11.0521306469266,0.153996798513281,0.00809224004431575,0.137156319283487,0.00291227553098746,0.137156319283487,0.00291227553098746,0.162648015718704,0.00407280875856593,0.170871291820966,0.00444139869630927,-18.585870901456,-24.5814211941588,0,0,0,3,3,0,0
"20d","latent_dispersion",9000,1000,FALSE,50,50.72,7.27276384035334,323.98,1.83046553686013,323.98,1.83046553686013,206.56,5.20362197249695,151.06,3.49161210646899,2.84407200453655,0.169405812452212,0.263678990532459,0.00506044061958269,0.263678990532459,0.00506044061958269,0.227553735627483,0.00507736372102387,0.23825812826569,0.00561932906627837,13.7004676906667,9.64083722234954,1,0.98,0,0,0,0,0
"20d","latent_dispersion",9000,1000,TRUE,50,54.4,7.46676992154067,322.92,1.83810905496904,322.92,1.83810905496904,208.38,6.9190591551046,154.98,4.3691394566707,2.74954434006668,0.177633008617418,0.264388252809588,0.00520700939827845,0.264388252809588,0.00520700939827845,0.235828351793343,0.00523440938185768,0.246964940860274,0.00545111226513443,10.8022579342108,6.59004769090929,0.96,0.86,0,0,0,0,0
"20d","latent_location_shift",5000,5000,FALSE,50,395.54,44.0260332076375,721.6,8.38609149796524,721.6,8.38609149796524,318.88,4.61626582900959,306.02,4.40801588944875,0.182626682211868,0.0226049946457095,0.0695463274259701,0.000995813855564855,0.0695463274259701,0.000995813855564855,0.0731253158323583,0.00102980521411368,0.0757181207685224,0.00112694646386778,-5.14619324823152,-8.87436270322395,0.12,0.06,1,0,0,0,0
"20d","latent_location_shift",5000,5000,TRUE,50,353.54,44.1910990206519,722.66,8.15956231319163,722.66,8.15956231319163,323.06,4.53263990294794,314.58,5.1835761038582,0.206836065216749,0.023950535610666,0.0695159947357016,0.000968935250088717,0.0695159947357016,0.000968935250088717,0.076314590020358,0.00102760127062562,0.0792489019583346,0.00106474390567179,-9.77990074155522,-14.0009608718644,0.08,0.02,0,0,0,0,0
"20d","latent_location_shift",9000,1000,FALSE,50,24.9,2.94205953130019,350.34,2.27382802286167,350.34,2.27382802286167,217.7,3.1519673156909,175.38,2.89783733575399,3.7217304848861,0.141620876670638,0.173122994031505,0.00275813935170576,0.173122994031505,0.00275813935170576,0.125491682409354,0.00193495379455753,0.136019356944547,0.00185789878971772,27.5129897611885,21.4319520607447,1,0.98,0,0,0,0,0
"20d","latent_location_shift",9000,1000,TRUE,50,24.08,2.96480580635356,349.9,2.12818788490805,349.9,2.12818788490805,222.58,4.23831791817346,177.64,3.26787205304951,3.77355734576623,0.139088946705275,0.173328306987651,0.0028721620163637,0.173328306987651,0.0028721620163637,0.128804927079616,0.0018685155789771,0.139848848773005,0.00244377170011932,25.6873102159864,19.3156321644748,1,0.98,0,0,0,0,0
"2d","global_shift",5000,5000,FALSE,50,268.3,44.8542787984671,562.56,7.20720501176653,562.56,7.20720501176653,246.64,3.14243633546473,235.7,2.49149573959262,0.209256568567123,0.0206153430392069,0.0426873069327133,0.0011097619180485,0.0426873069327133,0.0011097619180485,0.0328205970570346,0.000623065889239874,0.0355898395064676,0.000671224091605752,23.1139197683079,16.6266460365682,0.96,0.96,0,0,0,0,0
"2d","global_shift",9000,1000,FALSE,50,167.92,37.8832668892756,381.22,3.65069632720518,381.22,3.65069632720518,192.72,3.1734922500653,167.7,2.5499499795014,2.46476920280067,0.248345069274168,0.107267373504701,0.00267030123182456,0.107267373504701,0.00267030123182456,0.0631307795692865,0.00143152765900239,0.0720627475670489,0.00165986840805796,41.1463360137931,32.8195095931099,1,1,0,0,0,0,0
"2d","local_dispersion",5000,5000,FALSE,50,361.24,44.1239308478901,365.42,8.44318781078351,365.42,8.44318781078351,216.24,10.1739788135203,205.46,9.52574213724611,0.159694562185649,0.00845780877471169,0.120911968133157,0.00230623960921356,0.120911968133157,0.00230623960921356,0.108047303728809,0.00233412414153121,0.111467936459977,0.00246843220515513,10.6396948151406,7.81066739628245,0.82,0.76,0,0,0,0,0
"2d","local_dispersion",9000,1000,FALSE,50,66.9,12.750614230903,410.22,3.14834456014391,410.22,3.14834456014391,147.7,4.89758374411426,138.26,4.46517682534887,2.53150442144186,0.203381080700794,0.179518297305413,0.00449937465116284,0.179518297305413,0.00449937465116284,0.133557873238013,0.00500843494033174,0.131925981326765,0.00502751302321456,25.6020833292593,26.5111226504558,1,1,0,0,0,0,0
"2d","local_shift",5000,5000,FALSE,50,161.88,34.2596405618706,532.82,10.4205718829317,532.82,10.4205718829317,193.12,2.9178745409518,186.8,3.19642657621646,0.153766766160352,0.0104501143802033,0.0474739548801766,0.00103334290989368,0.0474739548801766,0.00103334290989368,0.0348497041640888,0.00100317213466354,0.0352505253313918,0.00104854871774278,26.5919507821735,25.7476538022512,1,1,0,0,0,0,0
"2d","local_shift",9000,1000,FALSE,50,24.44,3.55437758264369,385.96,3.13895341976089,385.96,3.13895341976089,125.08,3.32533134761464,115.74,3.41315701606687,3.45410834022576,0.143923122261786,0.118450466326302,0.00203533108212616,0.118450466326302,0.00203533108212616,0.0674715461859655,0.0019913735060683,0.0698041323625015,0.00224849291127272,43.0381759746744,41.0689256636539,1,1,0,0,0,0,0
