"field","value"
"run_id","boosting-selection-full-20260804"
"source_commit","66c74aaa838f07a04141a58ef611c1f5ba0d68ed"
"jobs","700"
"design_cells","14"
"seeds_per_cell","50"
"folds","5"
"max_trees","1000"
"min_trees_classification","10"
"learn_rate","0.01"
"ada_depth","4"
"ada_bag_fraction","0.5"
"proposed_depth","4"
"r_version","R version 4.5.2 (2025-10-31 ucrt)"
"platform","x86_64-w64-mingw32"
"parallel_backend","sequential"
"cores_per_job","1"
"rng_kind","Mersenne-Twister;Inversion;Rejection"
"source_hashes","run_boosting_selection.R=e8a2dd8631c66e0756eeab7c426b2e9ac395a024ed98c947d5301f3d3c72e5be;boosting_selection_common.R=b9790aad70bb91393ba7242cd3ef5a07861827387bb465f17a88d824e16e2858;README.md=a74cdb6fa13f24e382bdf5ae98f9643118153bec0d69d504d6d07acf6e9da3e6;section41_2d_models.R=ed19303c802057751b6a28e4ce63be8570bbe29da0da277c4a24c5f05f0f3790;section42_multi_models.R=ad2090da5fbc01123e65687b1364a6064f2e5b3b17824ad3b9c4df7152e6eb40"
"batts_install_hashes","DESCRIPTION=6e753c05b4e82049bd5ac763c7fd4e55978690acd2c71ab71a33d7c2cdd0691d;Meta/package.rds=716bdbd4588a7d846921a288860ef331b489095396741ea2fe84259415cd4ee6;R/BATTS.rdb=f1e8d3960a13a9c265eb3e9ef42cc5da42ed47858006d0ac8d5db04601ffa4b4;R/BATTS.rdx=37f0776727af11431ffdbc86f8dd554d4992881afe6c70b0ff55b71eb86d5bfb;libs/x64/BATTS.dll=cfd024d626fffd10fee9e847b6258ee8f7b0a51de1b99de5e33a2822775d18e1"
"package_versions","BATTS=0.0.0.9000;ada=2.0.5;rpart=4.1.24;Rcpp=1.1.1.1;RcppArmadillo=14.4.1.1;mvtnorm=1.3.3;pracma=2.4.4"
