method,scenario,n0,n1,seeds,mean_mse,mcse,manuscript_mean,manuscript_se
GB,global_shift,5000,5000,50,0.07054434566737379,0.0011357017034538434,0.071,0.001
GB,global_shift,9000,1000,50,0.12285804172558441,0.002466051636147427,0.123,0.002
GB,latent_location_shift,5000,5000,50,0.0769223334874619,0.0009870415549823072,0.077,0.001
GB,latent_location_shift,9000,1000,50,0.1286441537928801,0.0019308089124211024,0.129,0.002
GB,latent_dispersion,5000,5000,50,0.16279408584848845,0.004116527887469234,0.163,0.004
GB,latent_dispersion,9000,1000,50,0.23553425540749787,0.005356122526161682,0.236,0.005
FS,global_shift,5000,5000,50,0.07746720645809285,0.0012826256306958533,0.077,0.001
FS,global_shift,9000,1000,50,0.14464638385065723,0.003392552961545588,0.145,0.003
FS,latent_location_shift,5000,5000,50,0.07972770582733024,0.0010369104198678374,0.080,0.001
FS,latent_location_shift,9000,1000,50,0.13833774650111014,0.0021987980041419846,0.138,0.002
FS,latent_dispersion,5000,5000,50,0.17079973062963152,0.004502025319425427,0.171,0.005
FS,latent_dispersion,9000,1000,50,0.24764836412840688,0.005531385222575365,0.248,0.006
BAT,global_shift,5000,5000,50,0.03764925865848589,0.0007421905879606472,0.038,0.001
BAT,global_shift,9000,1000,50,0.07764335829315305,0.0022294731206895435,0.078,0.002
BAT,latent_location_shift,5000,5000,50,0.06196267132863113,0.0008474963172726879,0.062,0.001
BAT,latent_location_shift,9000,1000,50,0.10719319568634046,0.0016866143456783682,0.107,0.002
BAT,latent_dispersion,5000,5000,50,0.17886727115140805,0.003731066691401386,0.179,0.004
BAT,latent_dispersion,9000,1000,50,0.3613696254845374,0.008345110077396616,0.361,0.008
DRT (AdaBoost),global_shift,5000,5000,50,0.060887585544418005,0.001678253750892491,0.061,0.002
DRT (AdaBoost),global_shift,9000,1000,50,0.1384548541928976,0.003001272020644916,0.138,0.003
DRT (AdaBoost),latent_location_shift,5000,5000,50,0.06951599473570166,0.0009689352500887171,0.070,0.001
DRT (AdaBoost),latent_location_shift,9000,1000,50,0.17332830698765123,0.0028721620163636974,0.173,0.003
DRT (AdaBoost),latent_dispersion,5000,5000,50,0.13715631928348676,0.0029122755309874595,0.137,0.003
DRT (AdaBoost),latent_dispersion,9000,1000,50,0.26438825280958755,0.005207009398278455,0.264,0.005
CDC (AdaBoost),global_shift,5000,5000,50,0.48982026010924334,0.0225493615554031,0.490,0.023
CDC (AdaBoost),global_shift,9000,1000,50,1.2135708239464142,0.0446356747384164,1.214,0.045
CDC (AdaBoost),latent_location_shift,5000,5000,50,0.1605054741035049,0.0032179567151690153,0.161,0.003
CDC (AdaBoost),latent_location_shift,9000,1000,50,0.6006297686326825,0.020085312284228492,0.601,0.020
CDC (AdaBoost),latent_dispersion,5000,5000,50,0.5440933921370786,0.022613224508989477,0.544,0.023
CDC (AdaBoost),latent_dispersion,9000,1000,50,1.7294029196276743,0.05479263023414886,1.729,0.055
KLIEP,global_shift,5000,5000,50,0.9350217213611834,0.011742932942646684,0.935,0.012
KLIEP,global_shift,9000,1000,50,0.9308944580161522,0.01321421927465387,0.931,0.013
KLIEP,latent_location_shift,5000,5000,50,0.6820943279407363,0.0025075452361276547,0.682,0.003
KLIEP,latent_location_shift,9000,1000,50,0.6813576232034141,0.003554539713777577,0.681,0.004
KLIEP,latent_dispersion,5000,5000,50,0.5381392081896575,0.0013159114481457149,0.538,0.001
KLIEP,latent_dispersion,9000,1000,50,0.5392373963349125,0.001254067265751995,0.539,0.001
uLSIF,global_shift,5000,5000,50,3.0196092899015956,0.33883941340488893,3.020,0.339
uLSIF,global_shift,9000,1000,50,2.018900545011908,0.3175227251086243,2.019,0.318
uLSIF,latent_location_shift,5000,5000,50,19.277923119299547,7.435198107872396,19.278,7.435
uLSIF,latent_location_shift,9000,1000,50,11.591954097536183,5.74397427301486,11.592,5.744
uLSIF,latent_dispersion,5000,5000,50,0.538062613556119,0.0013072069786124502,0.538,0.001
uLSIF,latent_dispersion,9000,1000,50,0.5390354951484554,0.0012351721149302776,0.539,0.001
