"setting_id","simulation_repeat","file_kind","path","bytes","sha256"
"global_balanced",1,"canonical_global_result","C:/Users/user/Dropbox/Rcpp_experiments/active_programs/balancePM_backup/results/generated/r2-20d-global-null-canonical-20260812/global_shift_n0_05000_n1_05000_seed_01.rds",77144757,"5bcbe0d342fbd27cf4c45abc9b460b92b0a521d190ca2a0ce16dae1a52e6b7c7"
"global_balanced",6,"canonical_global_result","C:/Users/user/Dropbox/Rcpp_experiments/active_programs/balancePM_backup/results/generated/r2-20d-global-null-canonical-20260812/global_shift_n0_05000_n1_05000_seed_06.rds",77102172,"aab733a3e3bc2be36fc143715b864dd2cbe78712d3e27724139b8a44a81e3c5b"
"global_balanced",11,"canonical_global_result","C:/Users/user/Dropbox/Rcpp_experiments/active_programs/balancePM_backup/results/generated/r2-20d-global-null-canonical-20260812/global_shift_n0_05000_n1_05000_seed_11.rds",77101985,"d1eabc081a1611153634a16eeeddc39194dfdfbc03a2da5717e5e292369045b3"
"global_balanced",16,"canonical_global_result","C:/Users/user/Dropbox/Rcpp_experiments/active_programs/balancePM_backup/results/generated/r2-20d-global-null-canonical-20260812/global_shift_n0_05000_n1_05000_seed_16.rds",77143317,"f61a31fe6a28060e6180971b4b8ff7c773d6910d5ef5f0e3e1271bab856cea16"
"global_balanced",21,"canonical_global_result","C:/Users/user/Dropbox/Rcpp_experiments/active_programs/balancePM_backup/results/generated/r2-20d-global-null-canonical-20260812/global_shift_n0_05000_n1_05000_seed_21.rds",77141843,"33b20f41b894cd1e7dcc01bf663fd140ebd8ab07d3930f19ae823918aa4eb5b4"
"global_balanced",26,"canonical_global_result","C:/Users/user/Dropbox/Rcpp_experiments/active_programs/balancePM_backup/results/generated/r2-20d-global-null-canonical-20260812/global_shift_n0_05000_n1_05000_seed_26.rds",77181988,"2e0856e57f6225f3780e6c3659fee041182758a1309b9eec4fd8e41a64967470"
"global_balanced",31,"canonical_global_result","C:/Users/user/Dropbox/Rcpp_experiments/active_programs/balancePM_backup/results/generated/r2-20d-global-null-canonical-20260812/global_shift_n0_05000_n1_05000_seed_31.rds",77143682,"6d08463083e12a0762805c18ed74d4dfee237d834ad3c41b7a8824d37119dc61"
"global_balanced",36,"canonical_global_result","C:/Users/user/Dropbox/Rcpp_experiments/active_programs/balancePM_backup/results/generated/r2-20d-global-null-canonical-20260812/global_shift_n0_05000_n1_05000_seed_36.rds",77083046,"4eb16fb495fb39bd913aab5661aea7fb27a7b32607c520ae605a28bc0f2b24d1"
"global_balanced",41,"canonical_global_result","C:/Users/user/Dropbox/Rcpp_experiments/active_programs/balancePM_backup/results/generated/r2-20d-global-null-canonical-20260812/global_shift_n0_05000_n1_05000_seed_41.rds",77083916,"5f0f9541b6cf0bec70cc3dd410c8d95a4579464ec0d2b03129c2f068abb2ebf6"
"global_balanced",46,"canonical_global_result","C:/Users/user/Dropbox/Rcpp_experiments/active_programs/balancePM_backup/results/generated/r2-20d-global-null-canonical-20260812/global_shift_n0_05000_n1_05000_seed_46.rds",77045662,"1c239f44f7e8a71429b7d6d06c4a04ab28411cd5ad89a3955d2f2fe28762019d"
"location_balanced",1,"details","C:/Users/user/Dropbox/Rcpp_experiments/active_programs/balancePM_results/experiments_multi/latent_location_shift/latent_location_shift_5000_5000_5_1_details.rds",1012388,"111e6ef09675610f05c154aa2e4cc2c3ba10bbfba36dbbc037bceb9391bee582"
"location_balanced",1,"true_log_ratio","C:/Users/user/Dropbox/Rcpp_experiments/active_programs/balancePM_results/experiments_multi/latent_location_shift/latent_location_shift_5000_5000_5_1_true_log_ratio.rds",75770,"719e235dfcd9289706f9e8d9c3cb36162fba30c0e804856b8c6513912ba69ead"
"location_balanced",6,"details","C:/Users/user/Dropbox/Rcpp_experiments/active_programs/balancePM_results/experiments_multi/latent_location_shift/latent_location_shift_5000_5000_5_6_details.rds",1015138,"e4f9a88d94388d08cc35517be529fa7f2c0c49e34f777d8ba5d20a0853031d29"
"location_balanced",6,"true_log_ratio","C:/Users/user/Dropbox/Rcpp_experiments/active_programs/balancePM_results/experiments_multi/latent_location_shift/latent_location_shift_5000_5000_5_6_true_log_ratio.rds",75780,"48e207f2fbd0294b6aabca92c80a49a3cf0c53c286452db6739d60b741a7e6ff"
"location_balanced",11,"details","C:/Users/user/Dropbox/Rcpp_experiments/active_programs/balancePM_results/experiments_multi/latent_location_shift/latent_location_shift_5000_5000_5_11_details.rds",1020803,"be6a8816f70b7547a0bd0b8d3f5ae02e68ec92819dc92df35f1c792c2ea8b44f"
"location_balanced",11,"true_log_ratio","C:/Users/user/Dropbox/Rcpp_experiments/active_programs/balancePM_results/experiments_multi/latent_location_shift/latent_location_shift_5000_5000_5_11_true_log_ratio.rds",75773,"c8f83a675721b9c2c8ecee2128988d59c5570a1c5edb48e53b519bb0a0b691c5"
"location_balanced",16,"details","C:/Users/user/Dropbox/Rcpp_experiments/active_programs/balancePM_results/experiments_multi/latent_location_shift/latent_location_shift_5000_5000_5_16_details.rds",1004281,"38ed1cba6b9260893debed5cbe31e0a5e79c2c9e7433324d742472f29ca63a28"
"location_balanced",16,"true_log_ratio","C:/Users/user/Dropbox/Rcpp_experiments/active_programs/balancePM_results/experiments_multi/latent_location_shift/latent_location_shift_5000_5000_5_16_true_log_ratio.rds",75737,"33aa31bbb3d8c35fa562558a4988b524a5d44803cf41ce52c6198733b44194f7"
"location_balanced",21,"details","C:/Users/user/Dropbox/Rcpp_experiments/active_programs/balancePM_results/experiments_multi/latent_location_shift/latent_location_shift_5000_5000_5_21_details.rds",1019389,"33be92979e75fabf95c6f34c44f2c59c99d5ead4824c92a507575b3e562a6c90"
"location_balanced",21,"true_log_ratio","C:/Users/user/Dropbox/Rcpp_experiments/active_programs/balancePM_results/experiments_multi/latent_location_shift/latent_location_shift_5000_5000_5_21_true_log_ratio.rds",75733,"349f6891db45670d707ae185ce9e73c062402e0acadbcd7e2371014e839f0aba"
"location_balanced",26,"details","C:/Users/user/Dropbox/Rcpp_experiments/active_programs/balancePM_results/experiments_multi/latent_location_shift/latent_location_shift_5000_5000_5_26_details.rds",1014126,"0b778fb3d922875228679e7cd2e5cdb9785cdadf4d80f7fb08b2509fe89f88e2"
"location_balanced",26,"true_log_ratio","C:/Users/user/Dropbox/Rcpp_experiments/active_programs/balancePM_results/experiments_multi/latent_location_shift/latent_location_shift_5000_5000_5_26_true_log_ratio.rds",75772,"9c40c0ff7e572bba10dcbd484d4c188edecaa892a5423cc07b828470b7e07ed2"
"location_balanced",31,"details","C:/Users/user/Dropbox/Rcpp_experiments/active_programs/balancePM_results/experiments_multi/latent_location_shift/latent_location_shift_5000_5000_5_31_details.rds",1020690,"defb229bbcb6a6205b14b3150dcac80f010123d21ffbac739a6813ba39869b53"
"location_balanced",31,"true_log_ratio","C:/Users/user/Dropbox/Rcpp_experiments/active_programs/balancePM_results/experiments_multi/latent_location_shift/latent_location_shift_5000_5000_5_31_true_log_ratio.rds",75778,"1226c1a771ade20f4633885b276f565616cdd772920b315d52bba1b2a1e9a942"
"location_balanced",36,"details","C:/Users/user/Dropbox/Rcpp_experiments/active_programs/balancePM_results/experiments_multi/latent_location_shift/latent_location_shift_5000_5000_5_36_details.rds",1019964,"fff4779cba8e5ff3a2dbdb9dc8e06765d196e40d2e3d39f123c7e495f171a68d"
"location_balanced",36,"true_log_ratio","C:/Users/user/Dropbox/Rcpp_experiments/active_programs/balancePM_results/experiments_multi/latent_location_shift/latent_location_shift_5000_5000_5_36_true_log_ratio.rds",75777,"72270732dc5b0e2b7b9a443a38802e4c7b5d640fbdeeca3603e080ff1e3c6c21"
"location_balanced",41,"details","C:/Users/user/Dropbox/Rcpp_experiments/active_programs/balancePM_results/experiments_multi/latent_location_shift/latent_location_shift_5000_5000_5_41_details.rds",1014439,"5a196d36fe214996840b30866f9a78034f462fc0de71e2656ee7ebb57df2f506"
"location_balanced",41,"true_log_ratio","C:/Users/user/Dropbox/Rcpp_experiments/active_programs/balancePM_results/experiments_multi/latent_location_shift/latent_location_shift_5000_5000_5_41_true_log_ratio.rds",75772,"d9ef91627327fa146125140a5ae280fbb79dc7b0621fa456699a9745c48cd9b6"
"location_balanced",46,"details","C:/Users/user/Dropbox/Rcpp_experiments/active_programs/balancePM_results/experiments_multi/latent_location_shift/latent_location_shift_5000_5000_5_46_details.rds",1001899,"b12ba554ea7d0a1c7b7df584965b562fe7f0904a328e0cb9b41fe4afc29dcf73"
"location_balanced",46,"true_log_ratio","C:/Users/user/Dropbox/Rcpp_experiments/active_programs/balancePM_results/experiments_multi/latent_location_shift/latent_location_shift_5000_5000_5_46_true_log_ratio.rds",75705,"48613634aa0b40199f86fb8e8fa2d82cebb793984bb6157a34c474cca740dc0d"
"dispersion_balanced",1,"details","C:/Users/user/Dropbox/Rcpp_experiments/active_programs/balancePM_results/experiments_multi/latent_dispersion/latent_dispersion_5000_5000_5_1_details.rds",1019354,"2b677ea4f4f8978d8d4fa26511b14d001ab6baea6ec98aa3d515036cfd19e7dd"
"dispersion_balanced",1,"true_log_ratio","C:/Users/user/Dropbox/Rcpp_experiments/active_programs/balancePM_results/experiments_multi/latent_dispersion/latent_dispersion_5000_5000_5_1_true_log_ratio.rds",75293,"ae6183ad15d201ac36bbb3b2a6b045f1c7171fa7d60950a2b4e9deb9f552c34f"
"dispersion_balanced",6,"details","C:/Users/user/Dropbox/Rcpp_experiments/active_programs/balancePM_results/experiments_multi/latent_dispersion/latent_dispersion_5000_5000_5_6_details.rds",1015295,"d887511a28fd0b78c0aa18c04a3a53ed4d18fc67111476f5d87af5790178f890"
"dispersion_balanced",6,"true_log_ratio","C:/Users/user/Dropbox/Rcpp_experiments/active_programs/balancePM_results/experiments_multi/latent_dispersion/latent_dispersion_5000_5000_5_6_true_log_ratio.rds",75283,"948eb951c91fa2c4d521f9a7c189e6566d3e5dc528abeb60e66133d517c9dcff"
"dispersion_balanced",11,"details","C:/Users/user/Dropbox/Rcpp_experiments/active_programs/balancePM_results/experiments_multi/latent_dispersion/latent_dispersion_5000_5000_5_11_details.rds",1014611,"1277822226ffd79b6c8302c9da4954e5bce3d7c32b6a3ff17597c0ba8c0f8e8a"
"dispersion_balanced",11,"true_log_ratio","C:/Users/user/Dropbox/Rcpp_experiments/active_programs/balancePM_results/experiments_multi/latent_dispersion/latent_dispersion_5000_5000_5_11_true_log_ratio.rds",75290,"2a5fccaf7d4e869845683da0b6877c8cb264926425270dbc4f7f9dd34222214b"
"dispersion_balanced",16,"details","C:/Users/user/Dropbox/Rcpp_experiments/active_programs/balancePM_results/experiments_multi/latent_dispersion/latent_dispersion_5000_5000_5_16_details.rds",1015092,"46161ad90bf6e459896d0c400f1bd96acab22b3586986bde86856182f0d050a5"
"dispersion_balanced",16,"true_log_ratio","C:/Users/user/Dropbox/Rcpp_experiments/active_programs/balancePM_results/experiments_multi/latent_dispersion/latent_dispersion_5000_5000_5_16_true_log_ratio.rds",75259,"06c5658b77294f75f4459ba0a454938fba6bc5eebcc9ea5620245a42afcea2ad"
"dispersion_balanced",21,"details","C:/Users/user/Dropbox/Rcpp_experiments/active_programs/balancePM_results/experiments_multi/latent_dispersion/latent_dispersion_5000_5000_5_21_details.rds",1020558,"2505344863c689be61040d1177a7c7287ddf7d0abfd42481ed85b8d911150e6d"
"dispersion_balanced",21,"true_log_ratio","C:/Users/user/Dropbox/Rcpp_experiments/active_programs/balancePM_results/experiments_multi/latent_dispersion/latent_dispersion_5000_5000_5_21_true_log_ratio.rds",75350,"1d98cd2066053b08973982fd5f8b21870c708c573173d1365b1c717d9ffa3132"
"dispersion_balanced",26,"details","C:/Users/user/Dropbox/Rcpp_experiments/active_programs/balancePM_results/experiments_multi/latent_dispersion/latent_dispersion_5000_5000_5_26_details.rds",1008007,"f25ade05556b4064b4e8ec5322aa40c79b1dba00003aef957734bb80588e923c"
"dispersion_balanced",26,"true_log_ratio","C:/Users/user/Dropbox/Rcpp_experiments/active_programs/balancePM_results/experiments_multi/latent_dispersion/latent_dispersion_5000_5000_5_26_true_log_ratio.rds",75299,"a079cb617a67130fd93ca11b18bedf36f5a76c2e9566e254cc846ef6ca14c8f6"
"dispersion_balanced",31,"details","C:/Users/user/Dropbox/Rcpp_experiments/active_programs/balancePM_results/experiments_multi/latent_dispersion/latent_dispersion_5000_5000_5_31_details.rds",1009214,"ac6eac9a9c4faf4484029df4f3ba32ed41855ad23e8567f352c0525b7b2e9a48"
"dispersion_balanced",31,"true_log_ratio","C:/Users/user/Dropbox/Rcpp_experiments/active_programs/balancePM_results/experiments_multi/latent_dispersion/latent_dispersion_5000_5000_5_31_true_log_ratio.rds",75289,"f83808f60f4e7b332092a803a9b911afceaeedc4905323afd560d2de4d86b571"
"dispersion_balanced",36,"details","C:/Users/user/Dropbox/Rcpp_experiments/active_programs/balancePM_results/experiments_multi/latent_dispersion/latent_dispersion_5000_5000_5_36_details.rds",1020034,"07fb27b4e1054ed9aa50b38eb405562fee5a45c95afcdc18d89040c7b7fe4397"
"dispersion_balanced",36,"true_log_ratio","C:/Users/user/Dropbox/Rcpp_experiments/active_programs/balancePM_results/experiments_multi/latent_dispersion/latent_dispersion_5000_5000_5_36_true_log_ratio.rds",75310,"6b3dddcb8d1b326d8aba82dc99d8516103438aa5137fa1642e99aae73d7d23db"
"dispersion_balanced",41,"details","C:/Users/user/Dropbox/Rcpp_experiments/active_programs/balancePM_results/experiments_multi/latent_dispersion/latent_dispersion_5000_5000_5_41_details.rds",998456,"633b38e4e2e159b9d3a8362c43dad9a4a6dabe759c96bb83d9738f97936645ec"
"dispersion_balanced",41,"true_log_ratio","C:/Users/user/Dropbox/Rcpp_experiments/active_programs/balancePM_results/experiments_multi/latent_dispersion/latent_dispersion_5000_5000_5_41_true_log_ratio.rds",75281,"aa96f40de409ef753fef3013ca41d5e475abeb5be6471bb413a2f9a1fcce3e4f"
"dispersion_balanced",46,"details","C:/Users/user/Dropbox/Rcpp_experiments/active_programs/balancePM_results/experiments_multi/latent_dispersion/latent_dispersion_5000_5000_5_46_details.rds",981291,"a6b4538db751e52e6065bce0b8efe24892fb13ac9e384b8e2d441b7cb9a0b94f"
"dispersion_balanced",46,"true_log_ratio","C:/Users/user/Dropbox/Rcpp_experiments/active_programs/balancePM_results/experiments_multi/latent_dispersion/latent_dispersion_5000_5000_5_46_true_log_ratio.rds",75261,"e1a040b8fe3e812b36d22928adbe90184bc4d1a52aea14a884ff33b7e76970a9"
"global_unbalanced",1,"canonical_global_result","C:/Users/user/Dropbox/Rcpp_experiments/active_programs/balancePM_backup/results/generated/r2-20d-global-null-canonical-20260812/global_shift_n0_09000_n1_01000_seed_01.rds",76951966,"c775d85824aad14dc023d39fa4addf56abe94913be26f9ed50bc73dd86289a9b"
"global_unbalanced",6,"canonical_global_result","C:/Users/user/Dropbox/Rcpp_experiments/active_programs/balancePM_backup/results/generated/r2-20d-global-null-canonical-20260812/global_shift_n0_09000_n1_01000_seed_06.rds",76933900,"f82afc6ce972756f3b09bf7d0716a202de83ba7c90e4dea9827cf122b235ef17"
"global_unbalanced",11,"canonical_global_result","C:/Users/user/Dropbox/Rcpp_experiments/active_programs/balancePM_backup/results/generated/r2-20d-global-null-canonical-20260812/global_shift_n0_09000_n1_01000_seed_11.rds",76957343,"ec6699971ed05e4e424cba948abb4f6d05b2cfc377dd277cc092df4a8ed7a632"
"global_unbalanced",16,"canonical_global_result","C:/Users/user/Dropbox/Rcpp_experiments/active_programs/balancePM_backup/results/generated/r2-20d-global-null-canonical-20260812/global_shift_n0_09000_n1_01000_seed_16.rds",76969379,"b44f54973d9c1a18ceee6897aa283193ee6b1aaabf8e7eba9b44bb5f269cb928"
"global_unbalanced",21,"canonical_global_result","C:/Users/user/Dropbox/Rcpp_experiments/active_programs/balancePM_backup/results/generated/r2-20d-global-null-canonical-20260812/global_shift_n0_09000_n1_01000_seed_21.rds",77016108,"57c2ec0688c8604da1190ebfcadb0c65ba0ab31a1848f6c9d16104776d2002de"
"global_unbalanced",26,"canonical_global_result","C:/Users/user/Dropbox/Rcpp_experiments/active_programs/balancePM_backup/results/generated/r2-20d-global-null-canonical-20260812/global_shift_n0_09000_n1_01000_seed_26.rds",76958895,"2bb24488a6894ea6e433db8eaa096fcece4012381c99d4bf1fdc56e1983b769d"
"global_unbalanced",31,"canonical_global_result","C:/Users/user/Dropbox/Rcpp_experiments/active_programs/balancePM_backup/results/generated/r2-20d-global-null-canonical-20260812/global_shift_n0_09000_n1_01000_seed_31.rds",76918475,"dde5e5bee76c74446e7b8935a74d63467e03bcff43134ad90e7e0421b70233f0"
"global_unbalanced",36,"canonical_global_result","C:/Users/user/Dropbox/Rcpp_experiments/active_programs/balancePM_backup/results/generated/r2-20d-global-null-canonical-20260812/global_shift_n0_09000_n1_01000_seed_36.rds",77071500,"81356f083ad8cb0359ab6ed874030f6830ceac55851d120fed2c0489afd740db"
"global_unbalanced",41,"canonical_global_result","C:/Users/user/Dropbox/Rcpp_experiments/active_programs/balancePM_backup/results/generated/r2-20d-global-null-canonical-20260812/global_shift_n0_09000_n1_01000_seed_41.rds",76931098,"c03843a28018980737309ce2d4e510a4bf49c41ae3ee969e58f5c75a3ee87e33"
"global_unbalanced",46,"canonical_global_result","C:/Users/user/Dropbox/Rcpp_experiments/active_programs/balancePM_backup/results/generated/r2-20d-global-null-canonical-20260812/global_shift_n0_09000_n1_01000_seed_46.rds",77037893,"b33ff59d78e7b65b80c53bee69463224c2ce949dbd1df7f0170ffe9aea604723"
"location_unbalanced",1,"details","C:/Users/user/Dropbox/Rcpp_experiments/active_programs/balancePM_results/experiments_multi/latent_location_shift/latent_location_shift_9000_1000_5_1_details.rds",975594,"e0f2fe71d322914a51306412051d6aa6b82f0e5e544e3585783b25e98cf5ff54"
"location_unbalanced",1,"true_log_ratio","C:/Users/user/Dropbox/Rcpp_experiments/active_programs/balancePM_results/experiments_multi/latent_location_shift/latent_location_shift_9000_1000_5_1_true_log_ratio.rds",75771,"b7101c8f681bd60ff46c85cfb0f69aaa92cd960d15d7a54de8bb3720a59449a9"
"location_unbalanced",6,"details","C:/Users/user/Dropbox/Rcpp_experiments/active_programs/balancePM_results/experiments_multi/latent_location_shift/latent_location_shift_9000_1000_5_6_details.rds",967643,"7a3c2870ded59842c2924c80f3128f5c053a8add2595253330b07f195daef5b3"
"location_unbalanced",6,"true_log_ratio","C:/Users/user/Dropbox/Rcpp_experiments/active_programs/balancePM_results/experiments_multi/latent_location_shift/latent_location_shift_9000_1000_5_6_true_log_ratio.rds",75745,"f56dfee8d9f600dd11ae899353a76817a7e0f5f7abfe1500021be79d664f338f"
"location_unbalanced",11,"details","C:/Users/user/Dropbox/Rcpp_experiments/active_programs/balancePM_results/experiments_multi/latent_location_shift/latent_location_shift_9000_1000_5_11_details.rds",991002,"aa8bca2dfb4197da9513faebabcfacf06e2d72cf3866e00833e759f0ae13701b"
"location_unbalanced",11,"true_log_ratio","C:/Users/user/Dropbox/Rcpp_experiments/active_programs/balancePM_results/experiments_multi/latent_location_shift/latent_location_shift_9000_1000_5_11_true_log_ratio.rds",75757,"af5f0738f161cd5b1f16d82476e6976ac04da9ef91450644cbcd549d1e87f72b"
"location_unbalanced",16,"details","C:/Users/user/Dropbox/Rcpp_experiments/active_programs/balancePM_results/experiments_multi/latent_location_shift/latent_location_shift_9000_1000_5_16_details.rds",978589,"11ab4b304597fcd02ee1e60c388abc3dd2418ef222196a3591ce6313c350e140"
"location_unbalanced",16,"true_log_ratio","C:/Users/user/Dropbox/Rcpp_experiments/active_programs/balancePM_results/experiments_multi/latent_location_shift/latent_location_shift_9000_1000_5_16_true_log_ratio.rds",75727,"c3a6c47338a45975f3960ad0ce9fe6410dbcec198a48ecb64df31b5b640541b6"
"location_unbalanced",21,"details","C:/Users/user/Dropbox/Rcpp_experiments/active_programs/balancePM_results/experiments_multi/latent_location_shift/latent_location_shift_9000_1000_5_21_details.rds",975336,"5ecf6dc97ee5ed15e2813fd6e76706511f57b3ff23d5743e444fa4aff1b720e5"
"location_unbalanced",21,"true_log_ratio","C:/Users/user/Dropbox/Rcpp_experiments/active_programs/balancePM_results/experiments_multi/latent_location_shift/latent_location_shift_9000_1000_5_21_true_log_ratio.rds",75777,"c49d450a27363f3a7102ef104ea39846c2a00b6668659be74759e313e54662d4"
"location_unbalanced",26,"details","C:/Users/user/Dropbox/Rcpp_experiments/active_programs/balancePM_results/experiments_multi/latent_location_shift/latent_location_shift_9000_1000_5_26_details.rds",988413,"a53e08bc7d492f37e0bfe58fce9685d040207fcdbb7d53dd074c6666e9199211"
"location_unbalanced",26,"true_log_ratio","C:/Users/user/Dropbox/Rcpp_experiments/active_programs/balancePM_results/experiments_multi/latent_location_shift/latent_location_shift_9000_1000_5_26_true_log_ratio.rds",75759,"3d5791ab05b7f14a5f12ccf787431d8476ec35895ea209f5a4f9123ae328fb60"
"location_unbalanced",31,"details","C:/Users/user/Dropbox/Rcpp_experiments/active_programs/balancePM_results/experiments_multi/latent_location_shift/latent_location_shift_9000_1000_5_31_details.rds",992409,"64a050babef0ed95c83a0ac7b041943d5c92e7a38fd49e7dbce0e4e8ab94439a"
"location_unbalanced",31,"true_log_ratio","C:/Users/user/Dropbox/Rcpp_experiments/active_programs/balancePM_results/experiments_multi/latent_location_shift/latent_location_shift_9000_1000_5_31_true_log_ratio.rds",75787,"7a05f2f2e022924bed857dea3536bfcd865abe6acc4311bca2aa4bd6bb227237"
"location_unbalanced",36,"details","C:/Users/user/Dropbox/Rcpp_experiments/active_programs/balancePM_results/experiments_multi/latent_location_shift/latent_location_shift_9000_1000_5_36_details.rds",961313,"0568c71d536efc6f3279cd763ef04c6026e248b872c2826456f722e695f1264d"
"location_unbalanced",36,"true_log_ratio","C:/Users/user/Dropbox/Rcpp_experiments/active_programs/balancePM_results/experiments_multi/latent_location_shift/latent_location_shift_9000_1000_5_36_true_log_ratio.rds",75782,"834c185ff123be46fbe27eea948c7c6e46fafe05f847b0a2ad4192ab736ab2e8"
"location_unbalanced",41,"details","C:/Users/user/Dropbox/Rcpp_experiments/active_programs/balancePM_results/experiments_multi/latent_location_shift/latent_location_shift_9000_1000_5_41_details.rds",959989,"b4bf49b922a4fda22446731e532f78b08ddecd1e95577fed2c7ec949f5070604"
"location_unbalanced",41,"true_log_ratio","C:/Users/user/Dropbox/Rcpp_experiments/active_programs/balancePM_results/experiments_multi/latent_location_shift/latent_location_shift_9000_1000_5_41_true_log_ratio.rds",75775,"bb8e3d243760d53816f4b1b53e4aece70235e11afc10565decf029f7c773cad5"
"location_unbalanced",46,"details","C:/Users/user/Dropbox/Rcpp_experiments/active_programs/balancePM_results/experiments_multi/latent_location_shift/latent_location_shift_9000_1000_5_46_details.rds",989865,"086c704362a897b662af47d82d37badd80840e9e13a86e97fb9935d94852a980"
"location_unbalanced",46,"true_log_ratio","C:/Users/user/Dropbox/Rcpp_experiments/active_programs/balancePM_results/experiments_multi/latent_location_shift/latent_location_shift_9000_1000_5_46_true_log_ratio.rds",75719,"06c8b76b88fbb58209e40f4bcb7579152d317cefaafd9dcf0b28899684c17071"
"dispersion_unbalanced",1,"details","C:/Users/user/Dropbox/Rcpp_experiments/active_programs/balancePM_results/experiments_multi/latent_dispersion/latent_dispersion_9000_1000_5_1_details.rds",967894,"1e05e8108603327f57e0f3a0f090fc34d527a56409c5d0134914ee30bceb06f0"
"dispersion_unbalanced",1,"true_log_ratio","C:/Users/user/Dropbox/Rcpp_experiments/active_programs/balancePM_results/experiments_multi/latent_dispersion/latent_dispersion_9000_1000_5_1_true_log_ratio.rds",75643,"458b0d275be419b510328259a6a9f200727e088c53f631a4c13d0b4c1cdb282e"
"dispersion_unbalanced",6,"details","C:/Users/user/Dropbox/Rcpp_experiments/active_programs/balancePM_results/experiments_multi/latent_dispersion/latent_dispersion_9000_1000_5_6_details.rds",962395,"3601b858554f7cc959c7eda48fa3ade31f2884f7b7a701f3deb98ca5c6874628"
"dispersion_unbalanced",6,"true_log_ratio","C:/Users/user/Dropbox/Rcpp_experiments/active_programs/balancePM_results/experiments_multi/latent_dispersion/latent_dispersion_9000_1000_5_6_true_log_ratio.rds",75630,"5c232703dbc7c2a2c6c2f94509435ca4ce223f951d818c2fdc12722e18f8bffb"
"dispersion_unbalanced",11,"details","C:/Users/user/Dropbox/Rcpp_experiments/active_programs/balancePM_results/experiments_multi/latent_dispersion/latent_dispersion_9000_1000_5_11_details.rds",979409,"8ce4de02d6c612f74ffa9f7d1d0f63d2bab98f937e955483e5f709be900c37e8"
"dispersion_unbalanced",11,"true_log_ratio","C:/Users/user/Dropbox/Rcpp_experiments/active_programs/balancePM_results/experiments_multi/latent_dispersion/latent_dispersion_9000_1000_5_11_true_log_ratio.rds",75621,"8fd7fe0fc8bbe0d4e5b430cf8fd17011eb717d57910dc802484fab239a252928"
"dispersion_unbalanced",16,"details","C:/Users/user/Dropbox/Rcpp_experiments/active_programs/balancePM_results/experiments_multi/latent_dispersion/latent_dispersion_9000_1000_5_16_details.rds",951223,"0423f5b9ddb9eb1a1862b407db219f567e5146452b717007cffddc0e565897dc"
"dispersion_unbalanced",16,"true_log_ratio","C:/Users/user/Dropbox/Rcpp_experiments/active_programs/balancePM_results/experiments_multi/latent_dispersion/latent_dispersion_9000_1000_5_16_true_log_ratio.rds",75581,"f107980cf4600e9e13cf232381852fa4277583fdb1316c53548ba7c38c713ed9"
"dispersion_unbalanced",21,"details","C:/Users/user/Dropbox/Rcpp_experiments/active_programs/balancePM_results/experiments_multi/latent_dispersion/latent_dispersion_9000_1000_5_21_details.rds",949048,"b23454184326c62cdc56eb534a11adc3d0cba80a2efb6f79e4fa9c60aa871cf7"
"dispersion_unbalanced",21,"true_log_ratio","C:/Users/user/Dropbox/Rcpp_experiments/active_programs/balancePM_results/experiments_multi/latent_dispersion/latent_dispersion_9000_1000_5_21_true_log_ratio.rds",75643,"6c56594f483a8c4dd277b75e0b99afb9cf0225470a6a4040695ffb10443874af"
"dispersion_unbalanced",26,"details","C:/Users/user/Dropbox/Rcpp_experiments/active_programs/balancePM_results/experiments_multi/latent_dispersion/latent_dispersion_9000_1000_5_26_details.rds",986066,"85e8c4be73da376b4e3f58a0e37e1c81f633a53d33d3f6fe95bffc05e700b525"
"dispersion_unbalanced",26,"true_log_ratio","C:/Users/user/Dropbox/Rcpp_experiments/active_programs/balancePM_results/experiments_multi/latent_dispersion/latent_dispersion_9000_1000_5_26_true_log_ratio.rds",75635,"4f837e8fa9144b1371ccefae3a4897fff081afec24cc4dec80292fbb70aef287"
"dispersion_unbalanced",31,"details","C:/Users/user/Dropbox/Rcpp_experiments/active_programs/balancePM_results/experiments_multi/latent_dispersion/latent_dispersion_9000_1000_5_31_details.rds",953969,"7ff6466cf74109984612ae1e8a0ed4eb45daf787309b9a55a5288d79faa2509b"
"dispersion_unbalanced",31,"true_log_ratio","C:/Users/user/Dropbox/Rcpp_experiments/active_programs/balancePM_results/experiments_multi/latent_dispersion/latent_dispersion_9000_1000_5_31_true_log_ratio.rds",75628,"0bc9258fba0271864755c164784e808fa45ad3f40c246bfb54ef71fb794a69d1"
"dispersion_unbalanced",36,"details","C:/Users/user/Dropbox/Rcpp_experiments/active_programs/balancePM_results/experiments_multi/latent_dispersion/latent_dispersion_9000_1000_5_36_details.rds",945081,"82e1e502f59eaacd7b88a78ad4658758c0062a7236d8c6f81788519cd0b529aa"
"dispersion_unbalanced",36,"true_log_ratio","C:/Users/user/Dropbox/Rcpp_experiments/active_programs/balancePM_results/experiments_multi/latent_dispersion/latent_dispersion_9000_1000_5_36_true_log_ratio.rds",75626,"b4c975bc7e67954916dbb12622c88f40c542b299c369de6a7ec32fca60ee5eba"
"dispersion_unbalanced",41,"details","C:/Users/user/Dropbox/Rcpp_experiments/active_programs/balancePM_results/experiments_multi/latent_dispersion/latent_dispersion_9000_1000_5_41_details.rds",933811,"ef471aaa2baab43f7fa463f286f845117979d94e06a3e74cd337a205c4da054d"
"dispersion_unbalanced",41,"true_log_ratio","C:/Users/user/Dropbox/Rcpp_experiments/active_programs/balancePM_results/experiments_multi/latent_dispersion/latent_dispersion_9000_1000_5_41_true_log_ratio.rds",75606,"51c41f9903cf536a1b6d458e152d9c5322fa44e5b2ad2d38a56ff9574f94eb8f"
"dispersion_unbalanced",46,"details","C:/Users/user/Dropbox/Rcpp_experiments/active_programs/balancePM_results/experiments_multi/latent_dispersion/latent_dispersion_9000_1000_5_46_details.rds",951848,"08b9ff476bb982fa48278ea3cc555dd4f0f82f90d5d25573121905e2fc101741"
"dispersion_unbalanced",46,"true_log_ratio","C:/Users/user/Dropbox/Rcpp_experiments/active_programs/balancePM_results/experiments_multi/latent_dispersion/latent_dispersion_9000_1000_5_46_true_log_ratio.rds",75601,"3f54636e817d1521f6ba04a5397f327baf2a7315df66f134d1ab20979be03360"
