"setting_id","scenario","balance","n0","n1","bin_id","bin_label","plot_value","mean_coverage_rate","q10_coverage_rate","q90_coverage_rate","n_coverage_repeats","mean_correct_detection_rate","q10_correct_detection_rate","q90_correct_detection_rate","n_correct_repeats","mean_wrong_direction_rate","q10_wrong_direction_rate","q90_wrong_direction_rate","n_wrong_repeats"
"global_balanced","Global Shift","balanced",5000,5000,1,"[0.000,0.125)",0,0.992616773929775,0.98529980581142,0.999023861171367,10,0.0172666081452088,0.00319705439931748,0.0304209435916753,10,0.00113922248491827,0,0.00325944105285763,10
"global_balanced","Global Shift","balanced",5000,5000,2,"[0.125,0.375)",0.25,0.992026287872257,0.980915631305087,0.998324627459299,10,0.226944161630505,0.180705295543539,0.265935276627376,10,0,0,0,10
"global_balanced","Global Shift","balanced",5000,5000,3,"[0.375,0.625)",0.5,0.991721015924465,0.98247677680798,0.997627730814905,10,0.768892802686712,0.74361750946523,0.791809801339348,10,0,0,0,10
"global_balanced","Global Shift","balanced",5000,5000,4,"[0.625,0.875)",0.75,0.990258244468297,0.982989237865144,0.99667899855412,10,0.975545374785792,0.969917496148833,0.981649941412217,10,0,0,0,10
"global_balanced","Global Shift","balanced",5000,5000,5,"[0.875,1.125)",1,0.989076036704871,0.979796999117387,0.996534362681417,10,0.99685022802156,0.995842395244309,0.997705067815526,10,0,0,0,10
"global_balanced","Global Shift","balanced",5000,5000,6,"[1.125,1.375)",1.25,0.988635338147691,0.981631460130614,0.995863777628062,10,0.999893842887474,0.999893842887474,1,10,0,0,0,10
"global_balanced","Global Shift","balanced",5000,5000,7,"[1.375,1.625)",1.5,0.984559503950469,0.973673824967987,0.993508558340699,10,0.999740859159303,0.998721750879048,1,10,0,0,0,10
"global_balanced","Global Shift","balanced",5000,5000,8,"[1.625,1.875)",1.75,0.979013124937285,0.967086209769137,0.990327556483078,10,1,1,1,10,0,0,0,10
"global_balanced","Global Shift","balanced",5000,5000,9,"[1.875,2.125)",2,0.975288659014463,0.963051017514777,0.984841779437722,10,1,1,1,10,0,0,0,10
"global_balanced","Global Shift","balanced",5000,5000,10,"[2.125,2.375)",2.25,0.943764914246339,0.918497580850522,0.970567879325643,10,1,1,1,10,0,0,0,10
"global_balanced","Global Shift","balanced",5000,5000,11,"[2.375,Inf)",2.5,0.802240657366244,0.682073287473007,0.913558441558442,10,1,1,1,10,0,0,0,10
"location_balanced","Location Shift","balanced",5000,5000,1,"[0.000,0.125)",0,0.884282991982674,0.871102781089627,0.895019734541276,10,0.129408339243103,0.11744420767765,0.144914727074802,10,0.00474476110857366,0,0.00931991150541126,10
"location_balanced","Location Shift","balanced",5000,5000,2,"[0.125,0.375)",0.25,0.944817939703832,0.937476311107798,0.95277647833394,10,0.299026929847914,0.264010027960225,0.328855740235278,10,0.000374968169085816,0,0.000807868601986248,10
"location_balanced","Location Shift","balanced",5000,5000,3,"[0.375,0.625)",0.5,0.961439936242768,0.939983529036714,0.971281576961102,10,0.777516291240465,0.735172754737709,0.829309074618312,10,0,0,0,10
"location_balanced","Location Shift","balanced",5000,5000,4,"[0.625,0.875)",0.75,0.962327439257652,0.94375867350705,0.972751293065661,10,0.966393711772362,0.95151740237691,0.975502630231874,10,0,0,0,10
"location_balanced","Location Shift","balanced",5000,5000,5,"[0.875,1.125)",1,0.942731955477776,0.919261637239165,0.965102409383776,10,0.996868496680648,0.994927880933494,0.998497954266243,10,0,0,0,10
"location_balanced","Location Shift","balanced",5000,5000,6,"[1.125,1.375)",1.25,0.908887830808884,0.881649089930424,0.935397367710425,10,0.999897330595483,0.999897330595483,1,10,0,0,0,10
"location_balanced","Location Shift","balanced",5000,5000,7,"[1.375,1.625)",1.5,0.826974235153463,0.775857337926932,0.890817000206313,10,1,1,1,10,0,0,0,10
"location_balanced","Location Shift","balanced",5000,5000,8,"[1.625,1.875)",1.75,0.663589613785429,0.543944444444445,0.789337601254246,10,1,1,1,10,0,0,0,10
"location_balanced","Location Shift","balanced",5000,5000,9,"[1.875,2.125)",2,0.458484782214964,0.32290736984449,0.71671099984353,10,1,1,1,10,0,0,0,10
"location_balanced","Location Shift","balanced",5000,5000,10,"[2.125,2.375)",2.25,NA,NA,NA,0,NA,NA,NA,0,NA,NA,NA,0
"location_balanced","Location Shift","balanced",5000,5000,11,"[2.375,Inf)",2.5,NA,NA,NA,0,NA,NA,NA,0,NA,NA,NA,0
"dispersion_balanced","Dispersion","balanced",5000,5000,1,"[0.000,0.125)",0,0.812886901266822,0.795612918328366,0.833504531722054,10,0.16076710783512,0.142153804888569,0.173425257731959,10,0.0377368186041907,0.0310586376591906,0.0462186379863436,10
"dispersion_balanced","Dispersion","balanced",5000,5000,2,"[0.125,0.375)",0.25,0.82707446041906,0.795993597618938,0.847273331855464,10,0.242208604182122,0.178479812879059,0.296031101530265,10,0.0144254013818987,0.00885086325317086,0.0207819929185635,10
"dispersion_balanced","Dispersion","balanced",5000,5000,3,"[0.375,0.625)",0.5,0.78323618024118,0.741699759926276,0.829841333854009,10,0.508347519446627,0.40127942120126,0.577623369609561,10,0.00176062712680571,0.00117693692597543,0.00231079706719505,10
"dispersion_balanced","Dispersion","balanced",5000,5000,4,"[0.625,0.875)",0.75,0.76544187570739,0.680419978062354,0.840657103127306,10,0.742033636092037,0.632965014165259,0.817601561396072,10,0.000426740235613019,0,0.000734624094407203,10
"dispersion_balanced","Dispersion","balanced",5000,5000,5,"[0.875,1.125)",1,0.47168887711828,0.302067917547569,0.603001628001628,10,0.742620924393026,0.610412262156448,0.817419617419617,10,0.000574788583509514,0,0.00284751585623679,10
"dispersion_balanced","Dispersion","balanced",5000,5000,6,"[1.125,1.375)",1.25,0.330416289036539,0.178404069468708,0.47156121843646,10,0.861931172786853,0.776888295139246,0.919399809135694,10,0.000420168067226891,0,0.000420168067226889,10
"dispersion_balanced","Dispersion","balanced",5000,5000,7,"[1.375,1.625)",1.5,0.20111550628907,0.109326056003797,0.29374449339207,10,0.941888975652988,0.901956368754398,0.979776211453744,10,0,0,0,10
"dispersion_balanced","Dispersion","balanced",5000,5000,8,"[1.625,1.875)",1.75,0.0853960722142041,0.0334454274623093,0.156329389036465,10,0.990307390115769,0.979665655007712,1,10,0,0,0,10
"dispersion_balanced","Dispersion","balanced",5000,5000,9,"[1.875,2.125)",2,0.0193546930470405,0,0.048487910501624,10,0.998183106054392,0.994037613537859,1,10,0,0,0,10
"dispersion_balanced","Dispersion","balanced",5000,5000,10,"[2.125,2.375)",2.25,0,0,0,10,1,1,1,10,0,0,0,10
"dispersion_balanced","Dispersion","balanced",5000,5000,11,"[2.375,Inf)",2.5,0,0,0,10,1,1,1,10,0,0,0,10
"global_unbalanced","Global Shift","unbalanced",9000,1000,1,"[0.000,0.125)",0,0.999820788530466,0.999820788530466,1,10,0.00137894236234355,0,0.00189674171509436,10,5.97371565113501e-05,0,5.97371565113499e-05,10
"global_unbalanced","Global Shift","unbalanced",9000,1000,2,"[0.125,0.375)",0.25,0.999968091895341,0.999968091895341,1,10,0.0523059101708236,0.0274161423776724,0.080282065179649,10,0,0,0,10
"global_unbalanced","Global Shift","unbalanced",9000,1000,3,"[0.375,0.625)",0.5,0.999684839896975,0.999191988412478,1,10,0.485806487830962,0.411279278568187,0.536970303872536,10,0,0,0,10
"global_unbalanced","Global Shift","unbalanced",9000,1000,4,"[0.625,0.875)",0.75,0.999339464334874,0.998550069638534,1,10,0.879794866221254,0.831558329746018,0.917760059015451,10,0,0,0,10
"global_unbalanced","Global Shift","unbalanced",9000,1000,5,"[0.875,1.125)",1,0.99665910601104,0.990738795443807,1,10,0.971781857257654,0.961519423857851,0.983057789995973,10,0,0,0,10
"global_unbalanced","Global Shift","unbalanced",9000,1000,6,"[1.125,1.375)",1.25,0.994482279922968,0.985993111366246,1,10,0.993112511382708,0.988468062849041,1,10,0,0,0,10
"global_unbalanced","Global Shift","unbalanced",9000,1000,7,"[1.375,1.625)",1.5,0.985289013877239,0.968581609983748,1,10,0.994803493347903,0.98966138614545,1,10,0,0,0,10
"global_unbalanced","Global Shift","unbalanced",9000,1000,8,"[1.625,1.875)",1.75,0.971737589342725,0.947777587660095,0.995253164556962,10,0.999654891737751,0.998656140177201,1,10,0,0,0,10
"global_unbalanced","Global Shift","unbalanced",9000,1000,9,"[1.875,2.125)",2,0.933784948556975,0.86835899115624,0.984486653836499,10,0.999718309859155,0.999718309859155,1,10,0,0,0,10
"global_unbalanced","Global Shift","unbalanced",9000,1000,10,"[2.125,2.375)",2.25,0.842311568608222,0.744849657742895,0.936002388416181,10,1,1,1,10,0,0,0,10
"global_unbalanced","Global Shift","unbalanced",9000,1000,11,"[2.375,Inf)",2.5,0.356146804020399,0.220559700718469,0.459469654505846,10,0.999804305283757,0.999804305283757,1,10,0,0,0,10
"location_unbalanced","Location Shift","unbalanced",9000,1000,1,"[0.000,0.125)",0,0.882890172629629,0.852780633518245,0.91965823694358,10,0.127309529798044,0.0900809654280701,0.167937890276408,10,0,0,0,10
"location_unbalanced","Location Shift","unbalanced",9000,1000,2,"[0.125,0.375)",0.25,0.96189293791804,0.950279552440581,0.974084496956677,10,0.098934140701627,0.0821040624071496,0.126289152845791,10,0,0,0,10
"location_unbalanced","Location Shift","unbalanced",9000,1000,3,"[0.375,0.625)",0.5,0.981594699256335,0.973507235798159,0.988708228610256,10,0.426820771315568,0.369789194253591,0.484288590331395,10,0,0,0,10
"location_unbalanced","Location Shift","unbalanced",9000,1000,4,"[0.625,0.875)",0.75,0.978364080119566,0.948794858834573,0.995181760333078,10,0.828766802355142,0.759702482376132,0.885410895747797,10,0,0,0,10
"location_unbalanced","Location Shift","unbalanced",9000,1000,5,"[0.875,1.125)",1,0.927986981911145,0.850375276057806,0.974190454218139,10,0.976483082562574,0.949929384161771,0.994039735099338,10,0,0,0,10
"location_unbalanced","Location Shift","unbalanced",9000,1000,6,"[1.125,1.375)",1.25,0.759454703431061,0.607428516733371,0.909977366471458,10,0.998700769023212,0.99553248445037,1,10,0,0,0,10
"location_unbalanced","Location Shift","unbalanced",9000,1000,7,"[1.375,1.625)",1.5,0.450406216716099,0.278285233503989,0.633774829931973,10,1,1,1,10,0,0,0,10
"location_unbalanced","Location Shift","unbalanced",9000,1000,8,"[1.625,1.875)",1.75,0.183622507413043,0.030481533426835,0.344219378680343,10,1,1,1,10,0,0,0,10
"location_unbalanced","Location Shift","unbalanced",9000,1000,9,"[1.875,2.125)",2,0.0348608183586875,0,0.110884253819036,10,1,1,1,10,0,0,0,10
"location_unbalanced","Location Shift","unbalanced",9000,1000,10,"[2.125,2.375)",2.25,NA,NA,NA,0,NA,NA,NA,0,NA,NA,NA,0
"location_unbalanced","Location Shift","unbalanced",9000,1000,11,"[2.375,Inf)",2.5,NA,NA,NA,0,NA,NA,NA,0,NA,NA,NA,0
"dispersion_unbalanced","Dispersion","unbalanced",9000,1000,1,"[0.000,0.125)",0,0.972899576808133,0.935425426287445,0.99261446043634,10,0.0313425711456421,0.0114650029306415,0.0603999993156361,10,0.0026259533056364,0,0.00550549702060352,10
"dispersion_unbalanced","Dispersion","unbalanced",9000,1000,2,"[0.125,0.375)",0.25,0.927867547848653,0.884180002689618,0.965286243801775,10,0.0304011225088006,0.00653454956409429,0.0584972771038446,10,0.00119324280017831,0,0.00311411153911824,10
"dispersion_unbalanced","Dispersion","unbalanced",9000,1000,3,"[0.375,0.625)",0.5,0.599097920443556,0.460832957070942,0.789175144695848,10,0.0761421029142851,0.0160330437704872,0.169740685450953,10,0.000534755124543065,0,0.000665495441588332,10
"dispersion_unbalanced","Dispersion","unbalanced",9000,1000,4,"[0.625,0.875)",0.75,0.280026062201659,0.0955405652323683,0.551168067226891,10,0.175710093475671,0.0402212155901291,0.315556556099687,10,0,0,0,10
"dispersion_unbalanced","Dispersion","unbalanced",9000,1000,5,"[0.875,1.125)",1,0.122349783962508,0.0425252775882389,0.194961992375648,10,0.160178584483516,0.0395170179364708,0.302495035040062,10,0,0,0,10
"dispersion_unbalanced","Dispersion","unbalanced",9000,1000,6,"[1.125,1.375)",1.25,0.0252961027728954,0,0.0569250640738782,10,0.220234017959168,0.0645773612184361,0.433804971319312,10,0,0,0,10
"dispersion_unbalanced","Dispersion","unbalanced",9000,1000,7,"[1.375,1.625)",1.5,0.000613022916189069,0,0.00230435484007913,10,0.289110399087468,0.0643225110818258,0.595046104928458,10,0,0,0,10
"dispersion_unbalanced","Dispersion","unbalanced",9000,1000,8,"[1.625,1.875)",1.75,0,0,0,10,0.388103983471981,0.12648343373494,0.803652553668151,10,0,0,0,10
"dispersion_unbalanced","Dispersion","unbalanced",9000,1000,9,"[1.875,2.125)",2,0,0,0,10,0.486272200932175,0.142117690729303,0.895989877143303,10,0,0,0,10
"dispersion_unbalanced","Dispersion","unbalanced",9000,1000,10,"[2.125,2.375)",2.25,0,0,0,10,0.635617405997841,0.236243492190629,0.967681106661813,10,0,0,0,10
"dispersion_unbalanced","Dispersion","unbalanced",9000,1000,11,"[2.375,Inf)",2.5,0,0,0,10,0.797242536264801,0.463404378715383,1,10,0,0,0,10
